1.46890176805888E+018,Aymeric Pontier,Vivendi avance dun an son OPA sur Lagard√®re qui aura donc lieu juste avant l√©lection pr√©sidentielle ,Thu Dec 09 12:14:07 CET 2021,Election pr√©sidentielle,2
1.46890095688049E+018,France avec un ‚ì©, Cest par cette vid√©o que le suspens a pris fin Eric Zemmour va annoncer sa candidature √† l√©lection pr√©sidentielle √† h  Rendezvous ici  Pr√©sidentZemmour,Thu Dec 09 12:10:53 CET 2021,Election pr√©sidentielle,2
1.46890066464235E+018,AksilFx,bfmbusiness En comparaison √† ses concurrents pour la future √©lection pr√©sidentielle il na pas √† se faire de soucis des comptes dun bon p√®re de familleil y a une businesswoman qui a mis tout le monde daccord par contre,Thu Dec 09 12:09:43 CET 2021,Election pr√©sidentielle,2
1.46890065082212E+018,logique de l'art,mais anne cest toi qui devez partir la premiereregarder Paris d√©sordre  personne ne veut desordre France  Presidentielle  AnneHidalgo  joue son vatout en proposant une primaire √† gauche ,Thu Dec 09 12:09:40 CET 2021,Election pr√©sidentielle,2
1.46890048653958E+018,√âlections 2022,Je souhaite la victoire de Val√©rie P√©cresse et je my emploierai de toutes mes forcesDans une interview au journal LeFigaro ECiotti appelle les √©lecteurs tent√©s par √âric Zemmour √† choisir Val√©rie P√©cresse ,Thu Dec 09 12:09:01 CET 2021,Election pr√©sidentielle,4
1.46890021655223E+018,Acrimed,BFM Business se lance dans le traitement de l√©lection pr√©sidentielle avec une nouvelle √©mission  Faire r√©ussir la France  Et quitte √† y aller franco la r√©daction affiche une r√©alisation en partenariat avec le Medef,Thu Dec 09 12:07:57 CET 2021,Election pr√©sidentielle,2
1.46889987709047E+018,No1oZ me,fleurdepee Fran√ßois Hollande a aussi √©t√© Pr√©sident de conseil g√©n√©ral Les mandats locaux nont rien √† voir avec la responsabilit√© pr√©sidentielle √áa ressemble plus √† une √©lection de d√©l√©gu√© qu√† la nomination dun PDG Un maire a plus de charge de travail quun Pr√©sident de r√©gion,Thu Dec 09 12:06:36 CET 2021,Election pr√©sidentielle,0
1.46889963216824E+018,Royer Georges,L√©lection pr√©sidentielle nest pas le couronnement de la vie d√©mocratique mais laboutissement de la d√©possession √©lectorale du pouvoir populaire au profit des politichiens Comme en chaque Fran√ßais il y a un esclave qui sommeille cette d√©possession nest pas si difficle,Thu Dec 09 12:05:37 CET 2021,Election pr√©sidentielle,0
1.46889960701505E+018,bourgeois francine, √† notre √©quipe Diversit√©  Inclusion pour son troph√©e NQTasso de lengagement innovant  pour le Hub de lalternanceLe Hub permet aux candidats des QVP de la diversit√© ou en situation de handicap de rencontrer des recruteurs sensibilis√©s √† linclusion des talents ,Thu Dec 09 12:05:31 CET 2021,Election pr√©sidentielle,4
1.46889958243633E+018,Jean-Ren√© Cazeneuve,Lamateurisme dAnneHidalgoqui √†  mois de l√©lection propose une primaire sans m√™me s√™tre assur√©e que les autres y √©taient pr√™ts Elections,Thu Dec 09 12:05:25 CET 2021,Election pr√©sidentielle,0
1.46889952906382E+018,PolitiqueAddict,lemondefr LaurentTelo Mais que ChTaubira nh√©site pas un seul instant √† se pr√©senter √† l√©lection pr√©sidentielle Elle qui a combattu la France en vivant longtemps dans la clandestinit√© et son mari qui a fait de la prison La candidate repoussoir par excellence On a pas fini de se marrer,Thu Dec 09 12:05:13 CET 2021,Election pr√©sidentielle,0
1.46889906191906E+018,GARCIA Jacqueline,Ce nest pas une tenue pour une candidate √† l√©lection pr√©sidentielle ,Thu Dec 09 12:03:21 CET 2021,Election pr√©sidentielle,0
1.46889844519275E+018,J-135 avant l'√©lection de Zemmour,J avant l√©lection pr√©sidentielle de ZemmourEric  ZZZ Zemmour ZemmourPr√©sident ZemmourSecondTour ,Thu Dec 09 12:00:54 CET 2021,Election pr√©sidentielle,2
1.46889838297453E+018,MMS,Yannick Jadot et Fabien Roussel rejettent la primaire √† gauche propos√©e par Anne Hidalgo  via  lemondefr,Thu Dec 09 12:00:39 CET 2021,Election pr√©sidentielle,2
1.46889833656033E+018,Moreno St√©phane,RosensteinMick Brevesdepresse Aux municipales LREM a obtenu   la question est de savoir si les St√© informatiques US viennent ou non consolider les r√©sultats √©lectoraux de ce scrutin  On aura certainement recours √† cellesci pour l√©lection Pr√©sidentielle,Thu Dec 09 12:00:28 CET 2021,Election pr√©sidentielle,0
1.4688982873402E+018,sayada,Yannick Jadot et Fabien Roussel rejettent la primaire √† gauche propos√©e par Anne Hidalgo  via lemondefr,Thu Dec 09 12:00:17 CET 2021,Election pr√©sidentielle,2
1.46889810025744E+018,Fred Muhl Valentin,il sagit de Marc de CacquerayValm√©nier issu dune noble et ancienne famille de gentilshommes normands (un p√®re ancien de lAction fran√ßaise un oncle aum√¥nier √† Civitasun cousin t√™te de liste du Rassemblement national aux municipales auMans) ,Thu Dec 09 11:59:32 CET 2021,Election pr√©sidentielle,4
1.46889759150518E+018,Thomas Melchiorre,CageJulia julienbayou yjadot AnneHidalgo Le probl√®me cest que comptetenu des diff√©rences programmatiques entre les candidats la primaire aurait pour fonction non pas de rassembler autour dune candidature mais d√©liminer les autres Et de r√©duire encore le pluralisme d√©mocratique de l√©lection pr√©sidentielle ,Thu Dec 09 11:57:31 CET 2021,Election pr√©sidentielle,2
1.46889735023618E+018,Yves 946778,Montebourg  Hidalgo  le retour du d√©bat sur lunion de la gaucheDe la gauche plurielle √† la gauche plus rien ,Thu Dec 09 11:56:33 CET 2021,Election pr√©sidentielle,2
1.46889715034819E+018,jfgino,YannickJadot et FabienRoussel rejettent la primaire √† gauche propos√©e par AnneHidalgo ,Thu Dec 09 11:55:46 CET 2021,Election pr√©sidentielle,2
1.46889683559927E+018,Leinad57,Contrairement √† la FranceInsoumise il un certain nombre de partis et candidats √† la pr√©sidentielle quon a tr√®s tr√®s peu vus (voire pas du tout) et qui √†  mois de l√©lection se d√©couvrent une √¢me de sauveur de la France Je pense quils se reconnaitront √† la lecture de twt,Thu Dec 09 11:54:31 CET 2021,Election pr√©sidentielle,0
1.46889682882547E+018,Xaena Ovis,Yannick Jadot et Fabien Roussel rejettent la primaire √† gauche propos√©e par Anne Hidalgo ,Thu Dec 09 11:54:29 CET 2021,Election pr√©sidentielle,2
1.46889653611339E+018,The French de Gaule,Yannick Jadot et Fabien Roussel rejettent la primaire √† gauche propos√©e par Anne Hidalgo ,Thu Dec 09 11:53:19 CET 2021,Election pr√©sidentielle,2
1.46889645209304E+018,Le Monde Politique,Yannick Jadot et Fabien Roussel rejettent la primaire √† gauche propos√©e par Anne Hidalgo ,Thu Dec 09 11:52:59 CET 2021,Election pr√©sidentielle,2
1.46889580877914E+018,Dan Dhombres,dombouissou Le poison de l√©lection pr√©sidentielle au suffrage universel ,Thu Dec 09 11:50:26 CET 2021,Election pr√©sidentielle,0
1.46889568493815E+018,Rebel Pujiri,PatrickKanner AnneHidalgo franceinfoplus Bref lespoir du PS pour l√©lection pr√©sidentielle  ne pas dispara√Ætre Merci pour la France ,Thu Dec 09 11:49:56 CET 2021,Election pr√©sidentielle,4
1.46889551154983E+018,merejkowsky,Immigration et Election Pr√©sidentielle  via wordpressdotcom,Thu Dec 09 11:49:15 CET 2021,Election pr√©sidentielle,2
1.46889511140893E+018,Alexis Bouchard,En reconnaissant la n√©cessit√© dune union de toutes les forces de gauche pour l√©lection pr√©sidentielle AnneHidalgo fait preuve de courage de responsabilit√© et dhumilit√©Il est encore temps de travailler sur ce qui nous rassemblePeuple de gauche r√©veilletoi ,Thu Dec 09 11:47:39 CET 2021,Election pr√©sidentielle,4
1.46889481190635E+018,JP Qui√±onero,Dans lorbite dEric Zemmour une n√©buleuse de groupuscules violents dultradroite  a trav√©s de lemondefr,Thu Dec 09 11:46:28 CET 2021,Election pr√©sidentielle,0
1.46889419087674E+018,G√©rard SIMON,Abus de sambuc En Ari√®ge cadres du partisocialiste et militants sont persuad√©s que leur candidate √† l√©lection pr√©sidentielle a toutes ses chances dacc√©der au nd tour et m√™me de remporter le scrutin ,Thu Dec 09 11:44:00 CET 2021,Election pr√©sidentielle,0
1.46889402768466E+018,‚ô° Nantes Online,La proposition de primaire formul√©e par Anne Hidalgo rejet√©e par la plupart de ses concurrents √† gauche pour l√©lection pr√©sidentielle ,Thu Dec 09 11:43:21 CET 2021,Election pr√©sidentielle,2
1.46889401340725E+018,Moritz von Kongo,RDC Nous sommes √†  jours du  d√©cembre Un tweet par jour pour convaincre le prix Nobel de la paix DenisMukwege d√™tre candidat √† l√©lection pr√©sidentielle de Partageons le vu d√©lire MukwegePresident pour b√¢tir un √âtat juste TPI RapportMapping TPIRDC DRC,Thu Dec 09 11:43:18 CET 2021,Election pr√©sidentielle,2
1.46889381349004E+018,‚ô° Nantes Online,Pr√©sidentielle  Anne Hidalgo joue son vatout en proposant une primaire √† gauche ,Thu Dec 09 11:42:30 CET 2021,Election pr√©sidentielle,2
1.46889324126525E+018,IREP,FErner  DBonnay cc respondi nous font part dun de leurs usages de lIA r√©sum√©s darticles de journaux pour voir limpact de lactualit√© sur lopinion des candidats √† l√©lection pr√©sidentielle Lia permet de consulter  trier  de  articlesirepforum cc MCAssas ,Thu Dec 09 11:40:14 CET 2021,Election pr√©sidentielle,2
1.46889313088795E+018,Jacques Bolo,Election pr√©sidentielle  sur les terres dEric Ciotti P√©cresse m√©nage sa droiteM√™me erreur que Bertrand qui a sans doute √©t√© √©limin√© au profit de P√©cresse pour avoir pr√©f√©r√© le soutien futur de Ciotti √† celui imm√©diat de Muselier lemondefr,Thu Dec 09 11:39:47 CET 2021,Election pr√©sidentielle,0
1.4688928882014E+018,Chlo√© Morin,une candidature dunion na de sens que si tous les candidats partagent les m√™mes propositions()ce nest pas le cas selon fhollande Absurdeles primaires st l√† pr trancher entre diff√©rentes lignes politiques P√©cresseCiotti VallsHamonetc ,Thu Dec 09 11:38:49 CET 2021,Election pr√©sidentielle,0
1.46889287729622E+018,Philippe Coulangeon,Suicide mode demploi R√©√©dition dun succ√®s de librairie du d√©but des ann√©es   via lemondefr,Thu Dec 09 11:38:47 CET 2021,Election pr√©sidentielle,2
1.46889219426631E+018,G√©rard SIMON,Il y a la volont√© pour AnneHidalgo de sortir de limpasse par une id√©e surprise a raill√© M Jadotelle prend acte de limpasse de sa candidature de sa difficult√© √† ce que les id√©es quelle porte percent dans lopinion publiqueA raill√© ,Thu Dec 09 11:36:04 CET 2021,Election pr√©sidentielle,2
1.46889219300382E+018,Xavier Crepin,A l√©lection pr√©sidentielle de  la gauche divis√©e avec moins de  des voix le second tour est entre le centre et lextr√™me droite ,Thu Dec 09 11:36:04 CET 2021,Election pr√©sidentielle,2
1.46889180993812E+018,Tiago üêù,carlguiban Jouteey farghie Langlais nest pas la seule langue qui existe Elle est bilingue fran√ßais espagnol il y a assez peu de candidats bilingues √† l√©lection pr√©sidentielle,Thu Dec 09 11:34:32 CET 2021,Election pr√©sidentielle,0
1.46889167083814E+018,Hiroo Jay,BFMTV Tu parlesMacron ne r√™ve que dune chose  avoir un candidat dextr√™me droite face √† lui au second tour de l√©lection pr√©sidentielle Comme en ,Thu Dec 09 11:33:59 CET 2021,Election pr√©sidentielle,0
1.46889131124812E+018,vermer michel,presidentielles La France insoumise les communistes et m√™me des membres du PS d√©clinent loffreAvec la mont√©e en puissance de la droite dans les sondages en vue de l√©lection pr√©sidentielle de  ,Thu Dec 09 11:32:33 CET 2021,Election pr√©sidentielle,2
1.46889108227252E+018,Xavier Crepin,A l√©lection pr√©sidentielle de  la gauche divis√©e obtient moins de  des voix et le second tour oppose la droite et lextr√™me droite ,Thu Dec 09 11:31:39 CET 2021,Election pr√©sidentielle,2
1.4688908771333E+018,L'Obs,Pour AnneHidalgo et montebourg cest ouiPour yjadot JLMelenchon et FabienRoussel cest nonLes √©cologistes les Insoumis et les communistes disent non √† une primairedelagauche   ,Thu Dec 09 11:30:50 CET 2021,Election pr√©sidentielle,2
1.46889067451483E+018,EURACTIV France,PFUE  Retrouvez les priorit√©s des √©cologistes exprim√©s par Yannick Jadot d√©put√© europ√©en et candidat √† l√©lection pr√©sidentiellePar NellyMoussu,Thu Dec 09 11:30:02 CET 2021,Election pr√©sidentielle,2
1.46889015641762E+018,sauvenasque VACCIN√â,CBoullay emmaducros EmmanuelMacron Francetv NathalieStCricq Depuis quand ce qui se passe a Bruxelles interesse les fran√ßais a part pour r√¢ler bien sur Aucune √©lection presidentielle ne se gagne sur des sujets internationaux,Thu Dec 09 11:27:58 CET 2021,Election pr√©sidentielle,0
1.46888970761875E+018,DLF Auvergne R-Alpes,Avec Nicolas DupontAignanCliquez sur NDA SauvonsLaFrancePresidentielle Politique France vote election ,Thu Dec 09 11:26:11 CET 2021,Election pr√©sidentielle,2
1.46888956484463E+018,GaNoN üá´üá∑,Un candidat √† l√©lection pr√©sidentielle  se fait agresser  le ministre de la Justice  bien fait ,Thu Dec 09 11:25:37 CET 2021,Election pr√©sidentielle,0
1.46888947904166E+018,Alexandre Lemari√©,Quelle riposte face √† Val√©rie P√©cresse  Les macronistes veulent cibler son projet √©conomique et social daust√©rit√© Leur espoir faire d√©railler sa campagne sur le mode de ce quavait connu Fillon apr√®s sa victoire √† la primaire en   ,Thu Dec 09 11:25:17 CET 2021,Election pr√©sidentielle,2
1.46888919424869E+018,üÖ∞cid Monkey - üá≤üá´üá™üá¶ #Pfizeris√© üíâüíâ,Bonjour je mappelle William et en  jai vot√© pour EmmanuelMacron aux deux tours de l√©lection pr√©sidentielleLe avril et le avril je voterai pour ansdeplus avec notre Pr√©sidentMacronistesAnonymes likez appropriezvous ce tweet ,Thu Dec 09 11:24:09 CET 2021,Election pr√©sidentielle,2
